--
-- PostgreSQL database dump
--

-- Dumped from database version 15.2
-- Dumped by pg_dump version 15.2

SET statement_timeout = 0;
SET lock_timeout = 0;
SET idle_in_transaction_session_timeout = 0;
SET client_encoding = 'UTF8';
SET standard_conforming_strings = on;
SELECT pg_catalog.set_config('search_path', '', false);
SET check_function_bodies = false;
SET xmloption = content;
SET client_min_messages = warning;
SET row_security = off;

SET default_tablespace = '';

SET default_table_access_method = heap;

--
-- Name: auth_group; Type: TABLE; Schema: public; Owner: postgres
--

CREATE TABLE public.auth_group (
    id integer NOT NULL,
    name character varying(150) NOT NULL
);


ALTER TABLE public.auth_group OWNER TO postgres;

--
-- Name: auth_group_id_seq; Type: SEQUENCE; Schema: public; Owner: postgres
--

ALTER TABLE public.auth_group ALTER COLUMN id ADD GENERATED BY DEFAULT AS IDENTITY (
    SEQUENCE NAME public.auth_group_id_seq
    START WITH 1
    INCREMENT BY 1
    NO MINVALUE
    NO MAXVALUE
    CACHE 1
);


--
-- Name: auth_group_permissions; Type: TABLE; Schema: public; Owner: postgres
--

CREATE TABLE public.auth_group_permissions (
    id bigint NOT NULL,
    group_id integer NOT NULL,
    permission_id integer NOT NULL
);


ALTER TABLE public.auth_group_permissions OWNER TO postgres;

--
-- Name: auth_group_permissions_id_seq; Type: SEQUENCE; Schema: public; Owner: postgres
--

ALTER TABLE public.auth_group_permissions ALTER COLUMN id ADD GENERATED BY DEFAULT AS IDENTITY (
    SEQUENCE NAME public.auth_group_permissions_id_seq
    START WITH 1
    INCREMENT BY 1
    NO MINVALUE
    NO MAXVALUE
    CACHE 1
);


--
-- Name: auth_permission; Type: TABLE; Schema: public; Owner: postgres
--

CREATE TABLE public.auth_permission (
    id integer NOT NULL,
    name character varying(255) NOT NULL,
    content_type_id integer NOT NULL,
    codename character varying(100) NOT NULL
);


ALTER TABLE public.auth_permission OWNER TO postgres;

--
-- Name: auth_permission_id_seq; Type: SEQUENCE; Schema: public; Owner: postgres
--

ALTER TABLE public.auth_permission ALTER COLUMN id ADD GENERATED BY DEFAULT AS IDENTITY (
    SEQUENCE NAME public.auth_permission_id_seq
    START WITH 1
    INCREMENT BY 1
    NO MINVALUE
    NO MAXVALUE
    CACHE 1
);


--
-- Name: auth_user; Type: TABLE; Schema: public; Owner: postgres
--

CREATE TABLE public.auth_user (
    id integer NOT NULL,
    password character varying(128) NOT NULL,
    last_login timestamp with time zone,
    is_superuser boolean NOT NULL,
    username character varying(150) NOT NULL,
    first_name character varying(150) NOT NULL,
    last_name character varying(150) NOT NULL,
    email character varying(254) NOT NULL,
    is_staff boolean NOT NULL,
    is_active boolean NOT NULL,
    date_joined timestamp with time zone NOT NULL
);


ALTER TABLE public.auth_user OWNER TO postgres;

--
-- Name: auth_user_groups; Type: TABLE; Schema: public; Owner: postgres
--

CREATE TABLE public.auth_user_groups (
    id bigint NOT NULL,
    user_id integer NOT NULL,
    group_id integer NOT NULL
);


ALTER TABLE public.auth_user_groups OWNER TO postgres;

--
-- Name: auth_user_groups_id_seq; Type: SEQUENCE; Schema: public; Owner: postgres
--

ALTER TABLE public.auth_user_groups ALTER COLUMN id ADD GENERATED BY DEFAULT AS IDENTITY (
    SEQUENCE NAME public.auth_user_groups_id_seq
    START WITH 1
    INCREMENT BY 1
    NO MINVALUE
    NO MAXVALUE
    CACHE 1
);


--
-- Name: auth_user_id_seq; Type: SEQUENCE; Schema: public; Owner: postgres
--

ALTER TABLE public.auth_user ALTER COLUMN id ADD GENERATED BY DEFAULT AS IDENTITY (
    SEQUENCE NAME public.auth_user_id_seq
    START WITH 1
    INCREMENT BY 1
    NO MINVALUE
    NO MAXVALUE
    CACHE 1
);


--
-- Name: auth_user_user_permissions; Type: TABLE; Schema: public; Owner: postgres
--

CREATE TABLE public.auth_user_user_permissions (
    id bigint NOT NULL,
    user_id integer NOT NULL,
    permission_id integer NOT NULL
);


ALTER TABLE public.auth_user_user_permissions OWNER TO postgres;

--
-- Name: auth_user_user_permissions_id_seq; Type: SEQUENCE; Schema: public; Owner: postgres
--

ALTER TABLE public.auth_user_user_permissions ALTER COLUMN id ADD GENERATED BY DEFAULT AS IDENTITY (
    SEQUENCE NAME public.auth_user_user_permissions_id_seq
    START WITH 1
    INCREMENT BY 1
    NO MINVALUE
    NO MAXVALUE
    CACHE 1
);


--
-- Name: customers_customer; Type: TABLE; Schema: public; Owner: postgres
--

CREATE TABLE public.customers_customer (
    id bigint NOT NULL,
    full_name character varying(128) NOT NULL,
    username character varying(64) NOT NULL,
    contact_info text,
    created date NOT NULL,
    updated date NOT NULL,
    channel_id bigint
);


ALTER TABLE public.customers_customer OWNER TO postgres;

--
-- Name: customers_customer_id_seq; Type: SEQUENCE; Schema: public; Owner: postgres
--

ALTER TABLE public.customers_customer ALTER COLUMN id ADD GENERATED BY DEFAULT AS IDENTITY (
    SEQUENCE NAME public.customers_customer_id_seq
    START WITH 1
    INCREMENT BY 1
    NO MINVALUE
    NO MAXVALUE
    CACHE 1
);


--
-- Name: customers_project; Type: TABLE; Schema: public; Owner: postgres
--

CREATE TABLE public.customers_project (
    id bigint NOT NULL,
    title character varying(64) NOT NULL,
    description text NOT NULL,
    customer_id bigint,
    created date NOT NULL,
    updated date NOT NULL
);


ALTER TABLE public.customers_project OWNER TO postgres;

--
-- Name: customers_project_id_seq; Type: SEQUENCE; Schema: public; Owner: postgres
--

ALTER TABLE public.customers_project ALTER COLUMN id ADD GENERATED BY DEFAULT AS IDENTITY (
    SEQUENCE NAME public.customers_project_id_seq
    START WITH 1
    INCREMENT BY 1
    NO MINVALUE
    NO MAXVALUE
    CACHE 1
);


--
-- Name: customers_projectdocument; Type: TABLE; Schema: public; Owner: postgres
--

CREATE TABLE public.customers_projectdocument (
    document_ptr_id bigint NOT NULL,
    project_id bigint NOT NULL
);


ALTER TABLE public.customers_projectdocument OWNER TO postgres;

--
-- Name: customers_repository; Type: TABLE; Schema: public; Owner: postgres
--

CREATE TABLE public.customers_repository (
    id bigint NOT NULL,
    created date NOT NULL,
    updated date NOT NULL,
    link character varying(200) NOT NULL,
    project_id bigint NOT NULL
);


ALTER TABLE public.customers_repository OWNER TO postgres;

--
-- Name: customers_repository_id_seq; Type: SEQUENCE; Schema: public; Owner: postgres
--

ALTER TABLE public.customers_repository ALTER COLUMN id ADD GENERATED BY DEFAULT AS IDENTITY (
    SEQUENCE NAME public.customers_repository_id_seq
    START WITH 1
    INCREMENT BY 1
    NO MINVALUE
    NO MAXVALUE
    CACHE 1
);


--
-- Name: django_admin_log; Type: TABLE; Schema: public; Owner: postgres
--

CREATE TABLE public.django_admin_log (
    id integer NOT NULL,
    action_time timestamp with time zone NOT NULL,
    object_id text,
    object_repr character varying(200) NOT NULL,
    action_flag smallint NOT NULL,
    change_message text NOT NULL,
    content_type_id integer,
    user_id integer NOT NULL,
    CONSTRAINT django_admin_log_action_flag_check CHECK ((action_flag >= 0))
);


ALTER TABLE public.django_admin_log OWNER TO postgres;

--
-- Name: django_admin_log_id_seq; Type: SEQUENCE; Schema: public; Owner: postgres
--

ALTER TABLE public.django_admin_log ALTER COLUMN id ADD GENERATED BY DEFAULT AS IDENTITY (
    SEQUENCE NAME public.django_admin_log_id_seq
    START WITH 1
    INCREMENT BY 1
    NO MINVALUE
    NO MAXVALUE
    CACHE 1
);


--
-- Name: django_content_type; Type: TABLE; Schema: public; Owner: postgres
--

CREATE TABLE public.django_content_type (
    id integer NOT NULL,
    app_label character varying(100) NOT NULL,
    model character varying(100) NOT NULL
);


ALTER TABLE public.django_content_type OWNER TO postgres;

--
-- Name: django_content_type_id_seq; Type: SEQUENCE; Schema: public; Owner: postgres
--

ALTER TABLE public.django_content_type ALTER COLUMN id ADD GENERATED BY DEFAULT AS IDENTITY (
    SEQUENCE NAME public.django_content_type_id_seq
    START WITH 1
    INCREMENT BY 1
    NO MINVALUE
    NO MAXVALUE
    CACHE 1
);


--
-- Name: django_migrations; Type: TABLE; Schema: public; Owner: postgres
--

CREATE TABLE public.django_migrations (
    id bigint NOT NULL,
    app character varying(255) NOT NULL,
    name character varying(255) NOT NULL,
    applied timestamp with time zone NOT NULL
);


ALTER TABLE public.django_migrations OWNER TO postgres;

--
-- Name: django_migrations_id_seq; Type: SEQUENCE; Schema: public; Owner: postgres
--

ALTER TABLE public.django_migrations ALTER COLUMN id ADD GENERATED BY DEFAULT AS IDENTITY (
    SEQUENCE NAME public.django_migrations_id_seq
    START WITH 1
    INCREMENT BY 1
    NO MINVALUE
    NO MAXVALUE
    CACHE 1
);


--
-- Name: django_session; Type: TABLE; Schema: public; Owner: postgres
--

CREATE TABLE public.django_session (
    session_key character varying(40) NOT NULL,
    session_data text NOT NULL,
    expire_date timestamp with time zone NOT NULL
);


ALTER TABLE public.django_session OWNER TO postgres;

--
-- Name: documents_document; Type: TABLE; Schema: public; Owner: postgres
--

CREATE TABLE public.documents_document (
    id bigint NOT NULL,
    name character varying(64) NOT NULL,
    file character varying(100) NOT NULL,
    description text NOT NULL,
    created date NOT NULL,
    updated date NOT NULL
);


ALTER TABLE public.documents_document OWNER TO postgres;

--
-- Name: documents_document_id_seq; Type: SEQUENCE; Schema: public; Owner: postgres
--

ALTER TABLE public.documents_document ALTER COLUMN id ADD GENERATED BY DEFAULT AS IDENTITY (
    SEQUENCE NAME public.documents_document_id_seq
    START WITH 1
    INCREMENT BY 1
    NO MINVALUE
    NO MAXVALUE
    CACHE 1
);


--
-- Name: marketplaces_marketplace; Type: TABLE; Schema: public; Owner: postgres
--

CREATE TABLE public.marketplaces_marketplace (
    id bigint NOT NULL,
    name character varying(32) NOT NULL,
    comission integer NOT NULL,
    CONSTRAINT marketplaces_marketplace_comission_check CHECK ((comission >= 0))
);


ALTER TABLE public.marketplaces_marketplace OWNER TO postgres;

--
-- Name: marketplaces_marketplace_id_seq; Type: SEQUENCE; Schema: public; Owner: postgres
--

ALTER TABLE public.marketplaces_marketplace ALTER COLUMN id ADD GENERATED BY DEFAULT AS IDENTITY (
    SEQUENCE NAME public.marketplaces_marketplace_id_seq
    START WITH 1
    INCREMENT BY 1
    NO MINVALUE
    NO MAXVALUE
    CACHE 1
);


--
-- Name: marketplaces_marketplaceaccount; Type: TABLE; Schema: public; Owner: postgres
--

CREATE TABLE public.marketplaces_marketplaceaccount (
    id bigint NOT NULL,
    created date NOT NULL,
    updated date NOT NULL,
    username character varying(128) NOT NULL,
    note text,
    marketplace_id bigint NOT NULL
);


ALTER TABLE public.marketplaces_marketplaceaccount OWNER TO postgres;

--
-- Name: marketplaces_marketplaceaccount_id_seq; Type: SEQUENCE; Schema: public; Owner: postgres
--

ALTER TABLE public.marketplaces_marketplaceaccount ALTER COLUMN id ADD GENERATED BY DEFAULT AS IDENTITY (
    SEQUENCE NAME public.marketplaces_marketplaceaccount_id_seq
    START WITH 1
    INCREMENT BY 1
    NO MINVALUE
    NO MAXVALUE
    CACHE 1
);


--
-- Name: orders_order; Type: TABLE; Schema: public; Owner: postgres
--

CREATE TABLE public.orders_order (
    id bigint NOT NULL,
    broker_comission integer NOT NULL,
    starting_from date,
    deadline date,
    production date,
    note text NOT NULL,
    broker_id integer,
    project_id bigint,
    archived boolean NOT NULL,
    title character varying(64) NOT NULL,
    CONSTRAINT orders_order_broker_comission_check CHECK ((broker_comission >= 0))
);


ALTER TABLE public.orders_order OWNER TO postgres;

--
-- Name: orders_order_id_seq; Type: SEQUENCE; Schema: public; Owner: postgres
--

ALTER TABLE public.orders_order ALTER COLUMN id ADD GENERATED BY DEFAULT AS IDENTITY (
    SEQUENCE NAME public.orders_order_id_seq
    START WITH 1
    INCREMENT BY 1
    NO MINVALUE
    NO MAXVALUE
    CACHE 1
);


--
-- Name: orders_order_policies; Type: TABLE; Schema: public; Owner: postgres
--

CREATE TABLE public.orders_order_policies (
    id bigint NOT NULL,
    order_id bigint NOT NULL,
    policy_id bigint NOT NULL
);


ALTER TABLE public.orders_order_policies OWNER TO postgres;

--
-- Name: orders_order_policies_id_seq; Type: SEQUENCE; Schema: public; Owner: postgres
--

ALTER TABLE public.orders_order_policies ALTER COLUMN id ADD GENERATED BY DEFAULT AS IDENTITY (
    SEQUENCE NAME public.orders_order_policies_id_seq
    START WITH 1
    INCREMENT BY 1
    NO MINVALUE
    NO MAXVALUE
    CACHE 1
);


--
-- Name: orders_period; Type: TABLE; Schema: public; Owner: postgres
--

CREATE TABLE public.orders_period (
    id bigint NOT NULL,
    hours integer NOT NULL,
    hour_rate integer NOT NULL,
    technical_task character varying(100) NOT NULL,
    executor_id integer NOT NULL,
    order_id bigint NOT NULL,
    service_id bigint,
    CONSTRAINT orders_period_hour_rate_check CHECK ((hour_rate >= 0)),
    CONSTRAINT orders_period_hours_9c7408a2_check CHECK ((hours >= 0))
);


ALTER TABLE public.orders_period OWNER TO postgres;

--
-- Name: orders_period_id_seq; Type: SEQUENCE; Schema: public; Owner: postgres
--

ALTER TABLE public.orders_period ALTER COLUMN id ADD GENERATED BY DEFAULT AS IDENTITY (
    SEQUENCE NAME public.orders_period_id_seq
    START WITH 1
    INCREMENT BY 1
    NO MINVALUE
    NO MAXVALUE
    CACHE 1
);


--
-- Name: orders_policy; Type: TABLE; Schema: public; Owner: postgres
--

CREATE TABLE public.orders_policy (
    id bigint NOT NULL,
    name character varying(128) NOT NULL,
    specification character varying(100) NOT NULL
);


ALTER TABLE public.orders_policy OWNER TO postgres;

--
-- Name: orders_policy_id_seq; Type: SEQUENCE; Schema: public; Owner: postgres
--

ALTER TABLE public.orders_policy ALTER COLUMN id ADD GENERATED BY DEFAULT AS IDENTITY (
    SEQUENCE NAME public.orders_policy_id_seq
    START WITH 1
    INCREMENT BY 1
    NO MINVALUE
    NO MAXVALUE
    CACHE 1
);


--
-- Name: orders_service; Type: TABLE; Schema: public; Owner: postgres
--

CREATE TABLE public.orders_service (
    id bigint NOT NULL,
    name character varying(64) NOT NULL,
    specification character varying(100) NOT NULL
);


ALTER TABLE public.orders_service OWNER TO postgres;

--
-- Name: orders_service_id_seq; Type: SEQUENCE; Schema: public; Owner: postgres
--

ALTER TABLE public.orders_service ALTER COLUMN id ADD GENERATED BY DEFAULT AS IDENTITY (
    SEQUENCE NAME public.orders_service_id_seq
    START WITH 1
    INCREMENT BY 1
    NO MINVALUE
    NO MAXVALUE
    CACHE 1
);


--
-- Name: payments_payment; Type: TABLE; Schema: public; Owner: postgres
--

CREATE TABLE public.payments_payment (
    id bigint NOT NULL,
    amount integer NOT NULL,
    method_id bigint NOT NULL,
    created timestamp with time zone NOT NULL,
    updated timestamp with time zone NOT NULL,
    order_id bigint,
    CONSTRAINT payments_payment_amount_check CHECK ((amount >= 0))
);


ALTER TABLE public.payments_payment OWNER TO postgres;

--
-- Name: payments_payment_id_seq; Type: SEQUENCE; Schema: public; Owner: postgres
--

ALTER TABLE public.payments_payment ALTER COLUMN id ADD GENERATED BY DEFAULT AS IDENTITY (
    SEQUENCE NAME public.payments_payment_id_seq
    START WITH 1
    INCREMENT BY 1
    NO MINVALUE
    NO MAXVALUE
    CACHE 1
);


--
-- Name: payments_paymentcurrecy; Type: TABLE; Schema: public; Owner: postgres
--

CREATE TABLE public.payments_paymentcurrecy (
    id bigint NOT NULL,
    name character varying(64) NOT NULL,
    code character varying(8) NOT NULL
);


ALTER TABLE public.payments_paymentcurrecy OWNER TO postgres;

--
-- Name: payments_paymentcurrecy_id_seq; Type: SEQUENCE; Schema: public; Owner: postgres
--

ALTER TABLE public.payments_paymentcurrecy ALTER COLUMN id ADD GENERATED BY DEFAULT AS IDENTITY (
    SEQUENCE NAME public.payments_paymentcurrecy_id_seq
    START WITH 1
    INCREMENT BY 1
    NO MINVALUE
    NO MAXVALUE
    CACHE 1
);


--
-- Name: payments_paymentmethod; Type: TABLE; Schema: public; Owner: postgres
--

CREATE TABLE public.payments_paymentmethod (
    id bigint NOT NULL,
    name character varying(64) NOT NULL,
    requisites text NOT NULL,
    currency_id bigint NOT NULL
);


ALTER TABLE public.payments_paymentmethod OWNER TO postgres;

--
-- Name: payments_paymentmethod_id_seq; Type: SEQUENCE; Schema: public; Owner: postgres
--

ALTER TABLE public.payments_paymentmethod ALTER COLUMN id ADD GENERATED BY DEFAULT AS IDENTITY (
    SEQUENCE NAME public.payments_paymentmethod_id_seq
    START WITH 1
    INCREMENT BY 1
    NO MINVALUE
    NO MAXVALUE
    CACHE 1
);


--
-- Name: reports_worksessionreport; Type: TABLE; Schema: public; Owner: postgres
--

CREATE TABLE public.reports_worksessionreport (
    id bigint NOT NULL,
    created date NOT NULL,
    updated date NOT NULL,
    minutes integer NOT NULL,
    executor_id integer NOT NULL,
    order_id bigint NOT NULL,
    CONSTRAINT reports_worksessionreport_minutes_check CHECK ((minutes >= 0))
);


ALTER TABLE public.reports_worksessionreport OWNER TO postgres;

--
-- Name: reports_worksessionreport_id_seq; Type: SEQUENCE; Schema: public; Owner: postgres
--

ALTER TABLE public.reports_worksessionreport ALTER COLUMN id ADD GENERATED BY DEFAULT AS IDENTITY (
    SEQUENCE NAME public.reports_worksessionreport_id_seq
    START WITH 1
    INCREMENT BY 1
    NO MINVALUE
    NO MAXVALUE
    CACHE 1
);


--
-- Data for Name: auth_group; Type: TABLE DATA; Schema: public; Owner: postgres
--

COPY public.auth_group (id, name) FROM stdin;
1	finance_admin
2	Активные заказы
3	developer
\.


--
-- Data for Name: auth_group_permissions; Type: TABLE DATA; Schema: public; Owner: postgres
--

COPY public.auth_group_permissions (id, group_id, permission_id) FROM stdin;
31	1	32
32	1	33
33	1	36
34	1	16
35	1	28
36	2	88
37	3	88
38	3	72
39	3	69
40	3	70
\.


--
-- Data for Name: auth_permission; Type: TABLE DATA; Schema: public; Owner: postgres
--

COPY public.auth_permission (id, name, content_type_id, codename) FROM stdin;
1	Can add log entry	1	add_logentry
2	Can change log entry	1	change_logentry
3	Can delete log entry	1	delete_logentry
4	Can view log entry	1	view_logentry
5	Can add permission	2	add_permission
6	Can change permission	2	change_permission
7	Can delete permission	2	delete_permission
8	Can view permission	2	view_permission
9	Can add group	3	add_group
10	Can change group	3	change_group
11	Can delete group	3	delete_group
12	Can view group	3	view_group
13	Can add user	4	add_user
14	Can change user	4	change_user
15	Can delete user	4	delete_user
16	Can view user	4	view_user
17	Can add content type	5	add_contenttype
18	Can change content type	5	change_contenttype
19	Can delete content type	5	delete_contenttype
20	Can view content type	5	view_contenttype
21	Can add session	6	add_session
22	Can change session	6	change_session
23	Can delete session	6	delete_session
24	Can view session	6	view_session
25	Can add Валюта оплаты	7	add_paymentcurrecy
26	Can change Валюта оплаты	7	change_paymentcurrecy
27	Can delete Валюта оплаты	7	delete_paymentcurrecy
28	Can view Валюта оплаты	7	view_paymentcurrecy
29	Can add Метод оплаты	8	add_paymentmethod
30	Can change Метод оплаты	8	change_paymentmethod
31	Can delete Метод оплаты	8	delete_paymentmethod
32	Can view Метод оплаты	8	view_paymentmethod
33	Can add Транзакция	9	add_payment
34	Can change Транзакция	9	change_payment
35	Can delete Транзакция	9	delete_payment
36	Can view Транзакция	9	view_payment
37	Can add Заказчик	10	add_customer
38	Can change Заказчик	10	change_customer
39	Can delete Заказчик	10	delete_customer
40	Can view Заказчик	10	view_customer
41	Can add Проект	11	add_project
42	Can change Проект	11	change_project
43	Can delete Проект	11	delete_project
44	Can view Проект	11	view_project
45	Can add Репозиторий	12	add_repository
46	Can change Репозиторий	12	change_repository
47	Can delete Репозиторий	12	delete_repository
48	Can view Репозиторий	12	view_repository
49	Can add Документ проекта	13	add_projectdocument
50	Can change Документ проекта	13	change_projectdocument
51	Can delete Документ проекта	13	delete_projectdocument
52	Can view Документ проекта	13	view_projectdocument
53	Can add Маркетплейс	14	add_marketplace
54	Can change Маркетплейс	14	change_marketplace
55	Can delete Маркетплейс	14	delete_marketplace
56	Can view Маркетплейс	14	view_marketplace
57	Can add Учётная запись	15	add_marketplaceaccount
58	Can change Учётная запись	15	change_marketplaceaccount
59	Can delete Учётная запись	15	delete_marketplaceaccount
60	Can view Учётная запись	15	view_marketplaceaccount
61	Can add Документ	16	add_document
62	Can change Документ	16	change_document
63	Can delete Документ	16	delete_document
64	Can view Документ	16	view_document
65	Can add Заказ	17	add_order
66	Can change Заказ	17	change_order
67	Can delete Заказ	17	delete_order
68	Can view Заказ	17	view_order
69	Can add Политика	18	add_policy
70	Can change Политика	18	change_policy
71	Can delete Политика	18	delete_policy
72	Can view Политика	18	view_policy
73	Can add Услуга	19	add_service
74	Can change Услуга	19	change_service
75	Can delete Услуга	19	delete_service
76	Can view Услуга	19	view_service
77	Can add Период	20	add_period
78	Can change Период	20	change_period
79	Can delete Период	20	delete_period
80	Can view Период	20	view_period
81	Can add Активный заказ	21	add_orderactive
82	Can change Активный заказ	21	change_orderactive
83	Can delete Активный заказ	21	delete_orderactive
84	Can view Активный заказ	21	view_orderactive
85	Can add Рабочая сессия	22	add_worksessionreport
86	Can change Рабочая сессия	22	change_worksessionreport
87	Can delete Рабочая сессия	22	delete_worksessionreport
88	Can view Рабочая сессия	22	view_worksessionreport
\.


--
-- Data for Name: auth_user; Type: TABLE DATA; Schema: public; Owner: postgres
--

COPY public.auth_user (id, password, last_login, is_superuser, username, first_name, last_name, email, is_staff, is_active, date_joined) FROM stdin;
2	pbkdf2_sha256$600000$PwNYCmrlJIYY31hTIenCl4$K/lx6AFu7fYTgunD/Irf/UJmbto6BDUP5P7v8tggyD8=	2023-10-26 10:35:14+03	f	admin_finance	ilhan2002			t	t	2023-10-24 09:46:29+03
3	pbkdf2_sha256$600000$STHQfYvB9vITrAzpoT334A$ziZ2VPCIbZ3U9660LCOFHG8s2Hxub/+aKHou+d4U0Zc=	\N	f	griga				f	t	2023-10-25 00:50:48.022+03
4	pbkdf2_sha256$600000$IlypU534MutMW5qQyQt2Gw$jLdepbDEbUXkYQZ7g5Uv0U+WEw1bD0Mdp2Rxcf4u2Dg=	2023-10-26 11:36:28+03	f	leks				t	t	2023-10-26 03:14:12+03
1	pbkdf2_sha256$600000$mGEEuZUg1wqXPV1T6Q0peK$kxH+UaYHACetmlzH8d/eoyhWiAOrTGut+bNimph3gqk=	2023-10-27 18:30:30.128039+03	t	admin				t	t	2023-10-24 06:09:54.21+03
\.


--
-- Data for Name: auth_user_groups; Type: TABLE DATA; Schema: public; Owner: postgres
--

COPY public.auth_user_groups (id, user_id, group_id) FROM stdin;
13	2	1
14	2	2
15	4	3
\.


--
-- Data for Name: auth_user_user_permissions; Type: TABLE DATA; Schema: public; Owner: postgres
--

COPY public.auth_user_user_permissions (id, user_id, permission_id) FROM stdin;
\.


--
-- Data for Name: customers_customer; Type: TABLE DATA; Schema: public; Owner: postgres
--

COPY public.customers_customer (id, full_name, username, contact_info, created, updated, channel_id) FROM stdin;
1	Неизвестно	kkolkov		2023-10-24	2023-10-24	\N
2	Леонид Гладилин	leonid_gladilin		2023-10-24	2023-10-24	1
3	Герман	merlin		2023-10-24	2023-10-24	1
4	Никита	reviver		2023-10-24	2023-10-24	1
5	Вадим	ursas_vadim		2023-10-24	2023-10-24	1
6	Ильхан Татаев	leks		2023-10-26	2023-10-26	\N
\.


--
-- Data for Name: customers_project; Type: TABLE DATA; Schema: public; Owner: postgres
--

COPY public.customers_project (id, title, description, customer_id, created, updated) FROM stdin;
1	www.clinicestetic.fi		1	2023-10-25	2023-10-26
2	ursas		5	2023-10-26	2023-10-26
3	hoolisoftware.xyz		6	2023-10-26	2023-10-26
\.


--
-- Data for Name: customers_projectdocument; Type: TABLE DATA; Schema: public; Owner: postgres
--

COPY public.customers_projectdocument (document_ptr_id, project_id) FROM stdin;
2	3
\.


--
-- Data for Name: customers_repository; Type: TABLE DATA; Schema: public; Owner: postgres
--

COPY public.customers_repository (id, created, updated, link, project_id) FROM stdin;
1	2023-10-25	2023-10-25	https://github.com/hoolisoftware/project-06-09-2023-client	1
2	2023-10-25	2023-10-25	https://github.com/hoolisoftware/project-06-09-2023-server	1
3	2023-10-26	2023-10-26	https://github.com/bageus/URSAS_Game	2
4	2023-10-26	2023-10-26	https://github.com/hoolisoftware/core	3
\.


--
-- Data for Name: django_admin_log; Type: TABLE DATA; Schema: public; Owner: postgres
--

COPY public.django_admin_log (id, action_time, object_id, object_repr, action_flag, change_message, content_type_id, user_id) FROM stdin;
1	2023-10-24 09:37:29.316+03	1	PaymentCurrecy object (1)	1	[{"added": {}}]	7	1
2	2023-10-24 09:37:41.125+03	2	PaymentCurrecy object (2)	1	[{"added": {}}]	7	1
3	2023-10-24 09:38:30.455+03	3	PaymentCurrecy object (3)	1	[{"added": {}}]	7	1
4	2023-10-24 09:40:47.927+03	1	PaymentMethod object (1)	1	[{"added": {}}]	8	1
5	2023-10-24 09:45:16.838+03	1	40 Tether USD (USDT)	1	[{"added": {}}]	9	1
6	2023-10-24 09:46:29.508+03	2	admin_finance	1	[{"added": {}}]	4	1
7	2023-10-24 09:46:44.127+03	2	admin_finance	2	[{"changed": {"fields": ["First name"]}}]	4	1
8	2023-10-24 09:47:07.061+03	2	admin_finance	2	[{"changed": {"fields": ["Staff status"]}}]	4	1
9	2023-10-24 09:47:53.137+03	1	finance_admin	1	[{"added": {}}]	3	1
10	2023-10-24 09:48:05.301+03	2	admin_finance	2	[{"changed": {"fields": ["Groups"]}}]	4	1
11	2023-10-24 09:48:56.563+03	1	finance_admin	2	[{"changed": {"fields": ["Permissions"]}}]	3	1
12	2023-10-24 09:50:35.913+03	1	finance_admin	2	[{"changed": {"fields": ["Permissions"]}}]	3	1
13	2023-10-24 09:52:21.105+03	1	finance_admin	2	[{"changed": {"fields": ["Permissions"]}}]	3	1
14	2023-10-24 14:56:29.171+03	1	Неизвестно @kkolkov	1	[{"added": {}}]	10	1
15	2023-10-24 14:57:45.626+03	1	#1 - Clinic Estetic	1	[{"added": {}}]	11	1
16	2023-10-24 15:57:23.743+03	1	Kwork	1	[{"added": {}}]	12	1
17	2023-10-24 15:57:49.839+03	1	Kwork	2	[]	12	1
18	2023-10-24 15:58:30.571+03	1	Kwork	2	[]	12	1
19	2023-10-24 15:58:44.292+03	1	Kwork / hoolimanager	1	[{"added": {}}]	13	1
20	2023-10-24 16:00:34.926+03	1	Kwork / hoolimanager	2	[]	13	1
21	2023-10-24 16:19:41.511+03	1	Драфт	1	[{"added": {}}]	14	1
22	2023-10-24 21:25:45.586+03	1	Service object (1)	1	[{"added": {}}]	17	1
23	2023-10-24 21:26:01.313+03	2	Service object (2)	1	[{"added": {}}]	17	1
24	2023-10-24 21:26:07.478+03	3	Service object (3)	1	[{"added": {}}]	17	1
25	2023-10-24 21:26:28.644+03	4	Service object (4)	1	[{"added": {}}]	17	1
26	2023-10-24 21:27:11.231+03	1	Предоплата	1	[{"added": {}}]	16	1
27	2023-10-24 21:27:21.923+03	1	Предоплата (50%)	2	[{"changed": {"fields": ["\\u0417\\u0430\\u0433\\u043e\\u043b\\u043e\\u0432\\u043e\\u043a"]}}]	16	1
28	2023-10-24 21:27:31.533+03	2	Предоплата (30%)	1	[{"added": {}}]	16	1
29	2023-10-24 21:28:32.112+03	3	Биржа	1	[{"added": {}}]	16	1
30	2023-10-24 21:28:42.682+03	3	Маркетплейс (Стандарт)	2	[{"changed": {"fields": ["\\u0417\\u0430\\u0433\\u043e\\u043b\\u043e\\u0432\\u043e\\u043a"]}}]	16	1
31	2023-10-24 21:32:29.757+03	1	Clinic Estetic #1	1	[{"added": {}}, {"added": {"name": "\\u041f\\u0435\\u0440\\u0438\\u043e\\u0434", "object": "admin #1 30"}}]	15	1
32	2023-10-24 23:50:48.173+03	2	Леонид Гладилин @leonid_gladilin	1	[{"added": {}}]	10	1
33	2023-10-24 23:51:23.604+03	3	Герман @merlin	1	[{"added": {}}]	10	1
34	2023-10-24 23:52:14.233+03	4	Никита @reviver	1	[{"added": {}}]	10	1
35	2023-10-24 23:52:33.825+03	5	Вадим @ursas_vadim	1	[{"added": {}}]	10	1
36	2023-10-24 23:55:14.117+03	1	#1 - Clinic Estetic	3		11	1
37	2023-10-25 00:43:13.166+03	1	None #1	3		15	1
38	2023-10-25 00:48:00.029+03	1	#1 - Clinic Estetic	1	[{"added": {}}, {"added": {"name": "\\u0420\\u0435\\u043f\\u043e\\u0437\\u0438\\u0442\\u043e\\u0440\\u0438\\u0439", "object": "Repository object (1)"}}, {"added": {"name": "\\u0420\\u0435\\u043f\\u043e\\u0437\\u0438\\u0442\\u043e\\u0440\\u0438\\u0439", "object": "Repository object (2)"}}]	11	1
39	2023-10-25 00:49:13.035+03	1	#1 - Clinic Estetic	2	[]	11	1
40	2023-10-25 00:50:48.273+03	3	griga	1	[{"added": {}}]	4	1
41	2023-10-26 02:39:08.481+03	1	#1 - Clinic Estetic	2	[]	11	1
42	2023-10-26 02:39:49.49+03	2	#2 - URSAS	1	[{"added": {}}, {"added": {"name": "\\u0420\\u0435\\u043f\\u043e\\u0437\\u0438\\u0442\\u043e\\u0440\\u0438\\u0439", "object": "https://github.com/bageus/URSAS_Game"}}]	11	1
43	2023-10-26 02:40:18.368+03	5	Ресёрчь	1	[{"added": {}}]	17	1
44	2023-10-26 03:14:12.477+03	4	leks	1	[{"added": {}}]	4	1
45	2023-10-26 03:22:09.024+03	4	Постоплата	1	[{"added": {}}]	16	1
46	2023-10-26 03:23:43.139+03	1	URSAS #1	1	[{"added": {}}]	15	1
47	2023-10-26 03:40:42.121+03	1	URSAS #1	2	[{"added": {"name": "\\u041f\\u0435\\u0440\\u0438\\u043e\\u0434", "object": "leks #1 10.0"}}]	15	1
48	2023-10-26 07:03:15.096+03	5	Простой ресёрчь (2-10 часов)	1	[{"added": {}}]	16	1
49	2023-10-26 07:04:45.236+03	5	Ресёрчь	2	[]	17	1
50	2023-10-26 07:12:59.867+03	1	URSAS #1	2	[]	15	1
51	2023-10-26 07:32:02.453+03	1	URSAS #1 (Браться не братсья? Вот чём вопрос!)	2	[{"changed": {"fields": ["\\u0417\\u0430\\u0433\\u043e\\u043b\\u043e\\u0432\\u043e\\u043a"]}}]	15	1
52	2023-10-26 07:38:13.774+03	1	URSAS #1 (Браться не братсья? Вот чём вопрос!)	2	[{"changed": {"name": "\\u041f\\u0435\\u0440\\u0438\\u043e\\u0434", "object": "leks #1 10", "fields": ["\\u0423\\u0441\\u043b\\u0443\\u0433\\u0430"]}}]	15	1
53	2023-10-26 07:52:09.266+03	1	finance_admin	2	[]	3	1
54	2023-10-26 07:52:41.515+03	1	finance_admin	2	[{"changed": {"fields": ["Permissions"]}}]	3	1
55	2023-10-26 07:53:33.813+03	1	URSAS #1 (Браться не братсья? Вот чём вопрос!)	2	[{"changed": {"fields": ["\\u041f\\u043e\\u043b\\u0438\\u0442\\u0438\\u043a\\u0438"]}}]	15	1
56	2023-10-26 07:55:37.678+03	1	finance_admin	2	[]	3	1
57	2023-10-26 07:55:54.316+03	1	finance_admin	2	[{"changed": {"fields": ["Permissions"]}}]	3	1
58	2023-10-26 10:26:17.036+03	1	URSAS #1 (Браться не братсья? Вот чём вопрос!)	2	[{"changed": {"fields": ["\\u0412 \\u0430\\u0440\\u0445\\u0438\\u0432\\u0435"]}}]	22	1
59	2023-10-26 10:34:17+03	2	Активные заказы	1	[{"added": {}}]	3	1
60	2023-10-26 10:34:47.201+03	2	admin_finance	2	[{"changed": {"fields": ["Groups"]}}]	4	1
61	2023-10-26 10:36:47.016+03	1	finance_admin	2	[{"changed": {"fields": ["Permissions"]}}]	3	1
62	2023-10-26 10:37:04.718+03	2	admin_finance	2	[]	4	1
63	2023-10-26 10:38:16.605+03	2	Активные заказы	2	[{"changed": {"fields": ["Permissions"]}}]	3	1
64	2023-10-26 10:39:39.387+03	6	Свой проект	1	[{"added": {}}]	16	1
65	2023-10-26 10:40:55.336+03	6	Ильхан Татаев @leks	1	[{"added": {}}]	10	1
66	2023-10-26 10:50:21.15+03	3	#3 - Hooli Software	1	[{"added": {}}, {"added": {"name": "\\u0420\\u0435\\u043f\\u043e\\u0437\\u0438\\u0442\\u043e\\u0440\\u0438\\u0439", "object": "https://github.com/hoolisoftware/core"}}, {"added": {"name": "\\u0414\\u043e\\u043a\\u0443\\u043c\\u0435\\u043d\\u0442 \\u043f\\u0440\\u043e\\u0435\\u043a\\u0442\\u0430", "object": "\\u0421 \\u0447\\u0435\\u0433\\u043e \\u0432\\u0441\\u0451 \\u043f\\u043e\\u0448\\u043b\\u043e? (2023-10-26)"}}]	11	1
67	2023-10-26 10:58:48.95+03	2	Hooli Software #2 (Разработка Core v1.0.0)	1	[{"added": {}}, {"added": {"name": "\\u041f\\u0435\\u0440\\u0438\\u043e\\u0434", "object": "leks #2 10"}}]	15	1
68	2023-10-26 11:01:41.767+03	1	[leks, 600] Hooli Software #2 (Разработка Core v1.0.0)	1	[{"added": {}}]	20	1
69	2023-10-26 11:15:03.328+03	3	Clinic Estetic #3 (Разработка переводов)	1	[{"added": {}}, {"added": {"name": "\\u041f\\u0435\\u0440\\u0438\\u043e\\u0434", "object": "leks #3 5"}}]	15	1
70	2023-10-26 11:15:58.466+03	3	Clinic Estetic #3 (Разработка переводов)	2	[]	15	1
71	2023-10-26 11:34:19.015+03	3	Clinic Estetic #3 (Разработка переводов)	2	[{"changed": {"name": "\\u041f\\u0435\\u0440\\u0438\\u043e\\u0434", "object": "leks #3 5", "fields": ["\\u0422\\u0435\\u0445\\u043d\\u0438\\u0447\\u0435\\u0441\\u043a\\u043e\\u0435 \\u0437\\u0430\\u0434\\u0430\\u043d\\u0438\\u0435"]}}]	15	1
72	2023-10-26 11:34:47.508+03	3	developer	1	[{"added": {}}]	3	1
73	2023-10-26 11:35:45.465+03	3	developer	2	[]	3	1
74	2023-10-26 11:36:25.445+03	4	leks	2	[{"changed": {"fields": ["Staff status"]}}]	4	1
75	2023-10-26 11:36:39.43+03	4	leks	2	[{"changed": {"fields": ["Groups"]}}]	4	1
76	2023-10-26 11:37:10.039+03	3	developer	2	[{"changed": {"fields": ["Permissions"]}}]	3	1
77	2023-10-26 14:10:01.431+03	3	Clinic Estetic #3 (Разработка переводов)	2	[{"changed": {"name": "\\u041f\\u0435\\u0440\\u0438\\u043e\\u0434", "object": "leks #3 5", "fields": ["\\u0422\\u0435\\u0445\\u043d\\u0438\\u0447\\u0435\\u0441\\u043a\\u043e\\u0435 \\u0437\\u0430\\u0434\\u0430\\u043d\\u0438\\u0435"]}}]	15	1
78	2023-10-26 14:10:22.684+03	2	[leks, 120] Clinic Estetic #3 (Разработка переводов)	1	[{"added": {}}]	20	1
79	2023-10-26 14:11:25.506+03	3	Clinic Estetic #3 (Разработка переводов)	2	[{"added": {"name": "\\u041f\\u0435\\u0440\\u0438\\u043e\\u0434", "object": "griga #3 15"}}]	15	1
80	2023-10-26 14:11:56.708+03	1	URSAS #1 (Браться не братсья? Вот чём вопрос!)	2	[{"changed": {"fields": ["\\u0412 \\u0430\\u0440\\u0445\\u0438\\u0432\\u0435"]}}]	15	1
81	2023-10-26 14:12:31.131+03	2	[leks, 120] Clinic Estetic #3 (Разработка переводов)	2	[]	20	1
82	2023-10-26 14:20:40.67+03	3	#3 - hoolisoftware.xyz	2	[{"changed": {"fields": ["\\u0417\\u0430\\u0433\\u043e\\u043b\\u043e\\u0432\\u043e\\u043a"]}}]	11	1
83	2023-10-26 14:20:53.398+03	1	#1 - www.clinicestetic.fi	2	[{"changed": {"fields": ["\\u0417\\u0430\\u0433\\u043e\\u043b\\u043e\\u0432\\u043e\\u043a"]}}]	11	1
84	2023-10-26 14:21:01.25+03	2	#2 - ursas	2	[{"changed": {"fields": ["\\u0417\\u0430\\u0433\\u043e\\u043b\\u043e\\u0432\\u043e\\u043a"]}}]	11	1
85	2023-10-26 15:07:08.389+03	3	[leks, 60] ursas #1 (Браться не братсья? Вот чём вопрос!)	1	[{"added": {}}]	20	1
86	2023-10-26 15:08:36.464+03	1	ursas #1 (Браться не братсья? Вот чём вопрос!)	2	[{"changed": {"name": "\\u041f\\u0435\\u0440\\u0438\\u043e\\u0434", "object": "leks #1 10", "fields": ["\\u0422\\u0435\\u0445\\u043d\\u0438\\u0447\\u0435\\u0441\\u043a\\u043e\\u0435 \\u0437\\u0430\\u0434\\u0430\\u043d\\u0438\\u0435"]}}]	22	1
\.


--
-- Data for Name: django_content_type; Type: TABLE DATA; Schema: public; Owner: postgres
--

COPY public.django_content_type (id, app_label, model) FROM stdin;
1	admin	logentry
2	auth	permission
3	auth	group
4	auth	user
5	contenttypes	contenttype
6	sessions	session
7	payments	paymentcurrecy
8	payments	paymentmethod
9	payments	payment
10	customers	customer
11	customers	project
12	customers	repository
13	customers	projectdocument
14	marketplaces	marketplace
15	marketplaces	marketplaceaccount
16	documents	document
17	orders	order
18	orders	policy
19	orders	service
20	orders	period
21	orders	orderactive
22	reports	worksessionreport
\.


--
-- Data for Name: django_migrations; Type: TABLE DATA; Schema: public; Owner: postgres
--

COPY public.django_migrations (id, app, name, applied) FROM stdin;
1	contenttypes	0001_initial	2023-10-27 18:21:23.469317+03
2	auth	0001_initial	2023-10-27 18:21:23.610058+03
3	admin	0001_initial	2023-10-27 18:21:23.641647+03
4	admin	0002_logentry_remove_auto_add	2023-10-27 18:21:23.641647+03
5	admin	0003_logentry_add_action_flag_choices	2023-10-27 18:21:23.65728+03
6	contenttypes	0002_remove_content_type_name	2023-10-27 18:21:23.672908+03
7	auth	0002_alter_permission_name_max_length	2023-10-27 18:21:23.672908+03
8	auth	0003_alter_user_email_max_length	2023-10-27 18:21:23.689458+03
9	auth	0004_alter_user_username_opts	2023-10-27 18:21:23.689458+03
10	auth	0005_alter_user_last_login_null	2023-10-27 18:21:23.704468+03
11	auth	0006_require_contenttypes_0002	2023-10-27 18:21:23.704468+03
12	auth	0007_alter_validators_add_error_messages	2023-10-27 18:21:23.704468+03
13	auth	0008_alter_user_username_max_length	2023-10-27 18:21:23.720108+03
14	auth	0009_alter_user_last_name_max_length	2023-10-27 18:21:23.720108+03
15	auth	0010_alter_group_name_max_length	2023-10-27 18:21:23.735728+03
16	auth	0011_update_proxy_permissions	2023-10-27 18:21:23.735728+03
17	auth	0012_alter_user_first_name_max_length	2023-10-27 18:21:23.751359+03
18	sessions	0001_initial	2023-10-27 18:21:23.766978+03
19	marketplaces	0001_initial	2023-10-27 18:21:33.550016+03
20	marketplaces	0002_alter_marketplace_comission_and_more	2023-10-27 18:21:33.551014+03
21	documents	0001_initial	2023-10-27 18:21:33.567617+03
22	documents	0002_alter_document_file	2023-10-27 18:21:33.567617+03
23	documents	0003_document_created_document_updated	2023-10-27 18:21:33.583772+03
24	documents	0004_alter_document_file	2023-10-27 18:21:33.583772+03
25	customers	0001_initial	2023-10-27 18:21:33.619079+03
26	customers	0002_alter_customer_username	2023-10-27 18:21:33.634056+03
27	customers	0003_alter_project_description	2023-10-27 18:21:33.634056+03
28	customers	0004_customer_created_customer_updated_project_created_and_more	2023-10-27 18:21:33.651057+03
29	customers	0005_alter_customer_created_alter_customer_updated_and_more	2023-10-27 18:21:33.662297+03
30	customers	0006_alter_project_description	2023-10-27 18:21:33.667602+03
31	customers	0007_project_documents	2023-10-27 18:21:33.699709+03
32	customers	0008_customer_channel	2023-10-27 18:21:33.715438+03
33	customers	0009_remove_project_repository_repository	2023-10-27 18:21:33.734172+03
34	customers	0010_remove_project_documents_alter_customer_channel_and_more	2023-10-27 18:21:33.767936+03
35	orders	0001_initial	2023-10-27 18:21:33.913693+03
36	orders	0002_alter_period_options_alter_order_broker_and_more	2023-10-27 18:21:33.98151+03
37	orders	0003_order_archived	2023-10-27 18:21:34.001403+03
38	orders	0004_alter_period_hours	2023-10-27 18:21:34.031186+03
39	orders	0005_alter_order_budget_alter_order_deadline_and_more	2023-10-27 18:21:34.080391+03
40	orders	0006_alter_order_deadline_alter_order_production_and_more	2023-10-27 18:21:34.11697+03
41	orders	0007_remove_order_services_period_service_and_more	2023-10-27 18:21:34.166347+03
42	orders	0008_order_title_alter_order_policies_alter_period_hours	2023-10-27 18:21:34.211854+03
43	orders	0009_orderactive_remove_order_budget	2023-10-27 18:21:34.216213+03
44	orders	0010_alter_orderactive_options	2023-10-27 18:21:34.230356+03
45	orders	0011_alter_orderactive_options	2023-10-27 18:21:34.230356+03
46	payments	0001_initial	2023-10-27 18:21:34.283013+03
47	payments	0002_alter_payment_options_alter_payment_method_and_more	2023-10-27 18:21:34.316243+03
48	payments	0003_payment_created_payment_updated	2023-10-27 18:21:34.319952+03
49	payments	0004_alter_payment_created_alter_payment_updated	2023-10-27 18:21:34.351078+03
50	payments	0005_alter_paymentmethod_requisites	2023-10-27 18:21:34.362816+03
51	payments	0006_payment_order	2023-10-27 18:21:34.381696+03
52	payments	0007_alter_payment_order	2023-10-27 18:21:34.414615+03
53	reports	0001_initial	2023-10-27 18:21:34.45003+03
\.


--
-- Data for Name: django_session; Type: TABLE DATA; Schema: public; Owner: postgres
--

COPY public.django_session (session_key, session_data, expire_date) FROM stdin;
2758bzapfkdnwe9zjspf3hnryb7zddya	.eJxVjEEOwiAQRe_C2hBgQKYu3fcMBJhBqoYmpV0Z765NutDtf-_9lwhxW2vYOi9hInERWpx-txTzg9sO6B7bbZZ5busyJbkr8qBdjjPx83q4fwc19vqtFRgCAu9t8ZGQSaniUOtiMigHhW1R0elyRsBkLCVG4-yAqICH7FC8P9PzN0s:1qwOf8:4ICVMX4ce1VOaFUN71gJQr_H-KHAxpZpZW2q6RT1eQI	2023-11-10 18:22:14.212137+03
3lypppv6634h5pjvpjokjld68ars15k6	.eJxVjMsOwiAQRf-FtSEOb1y67zeQAQapGkhKuzL-uzbpQrf3nHNfLOC21rANWsKc2YUBO_1uEdOD2g7yHdut89TbusyR7wo_6OBTz_S8Hu7fQcVRv7VB5YVPSUgLMUdvBJG1kIuUVIwFlMpi0UUblZ13RWNyILSPEs4-AbH3B-GmN7c:1qvnPM:H1yizF022x_eIRrGyJWKidi70j2unUQFAxZDjPx9hAY	2023-11-09 02:35:28.221+03
aae6c3o0dmhq2pchrrb3pwok53hio6pk	.eJxVjDEOAiEQRe9CbYiAMGhpv2cgMwzIqoFk2a2Md1eSLTS_--_lvUTAbS1h62kJM4uL0OLw-xHGR6oD8B3rrcnY6rrMJIcid9rl1Dg9r7v7FyjYy8g69qAooTKGYow6oiaTwWs4qyM4BiBQJ2uR2IHnrJS3kL9DNB6MeH8A5Lo3rQ:1qvute:9pkHFcxc5qqDvC5UXpX094jIaAvQHi4MlgMXFIxUnNs	2023-11-09 10:35:14.243+03
ohi0l54hmwzmhzzbuebrfy7v4z9lwsfz	.eJxVjMsOwiAQRf-FtSEOb1y67zeQAQapGkhKuzL-uzbpQrf3nHNfLOC21rANWsKc2YUBO_1uEdOD2g7yHdut89TbusyR7wo_6OBTz_S8Hu7fQcVRv7VB5YVPSUgLMUdvBJG1kIuUVIwFlMpi0UUblZ13RWNyILSPEs4-AbH3B-GmN7c:1qvBEW:WLNFbOXATJW95KKD_H0kZXdf9J5V9UmppG9bMYUMXfM	2023-11-07 09:49:44.021+03
opnax4918k3o1s51wr8aguslkbqx7ag4	.eJxVjMsOwiAQRf-FtSEOb1y67zeQAQapGkhKuzL-uzbpQrf3nHNfLOC21rANWsKc2YUBO_1uEdOD2g7yHdut89TbusyR7wo_6OBTz_S8Hu7fQcVRv7VB5YVPSUgLMUdvBJG1kIuUVIwFlMpi0UUblZ13RWNyILSPEs4-AbH3B-GmN7c:1qwOg9:tS6wK1MXxMUMVnGfvuYAbJhCC6hFGVZM8I2sVa1AzM8	2023-11-10 18:23:17.958+03
q0d6csd8wz7qpz973iljjzxmmi8l31tn	.eJxVjMsOwiAQRf-FtSEOb1y67zeQAQapGkhKuzL-uzbpQrf3nHNfLOC21rANWsKc2YUBO_1uEdOD2g7yHdut89TbusyR7wo_6OBTz_S8Hu7fQcVRv7VB5YVPSUgLMUdvBJG1kIuUVIwFlMpi0UUblZ13RWNyILSPEs4-AbH3B-GmN7c:1qvEdx:QT1wwoXkvkQyV8A8CEclw8uVw3Fl0e42UEW_qXozghY	2023-11-07 13:28:13.344+03
x1yk0mq5mtwve1rtpc5ej3f44sfnuymb	.eJxVjDEOAiEQRe9CbYiAMGhpv2cgMwzIqoFk2a2Md1eSLTS_--_lvUTAbS1h62kJM4uL0OLw-xHGR6oD8B3rrcnY6rrMJIcid9rl1Dg9r7v7FyjYy8g69qAooTKGYow6oiaTwWs4qyM4BiBQJ2uR2IHnrJS3kL9DNB6MeH8A5Lo3rQ:1qvsLX:0E06dF8J9k3NVjtetcqIVF81Us8AcDrM9YL8rgxiRiI	2023-11-09 07:51:51.508+03
y0hic04btku9cg60owimqk589n05j2v6	.eJxVjMsOwiAQRf-FtSEOb1y67zeQAQapGkhKuzL-uzbpQrf3nHNfLOC21rANWsKc2YUBO_1uEdOD2g7yHdut89TbusyR7wo_6OBTz_S8Hu7fQcVRv7VB5YVPSUgLMUdvBJG1kIuUVIwFlMpi0UUblZ13RWNyILSPEs4-AbH3B-GmN7c:1qvyFF:QFTjfm8ApVDuBkdX8ZxX4boUC98o27pKyNKdFgsKaEU	2023-11-09 14:09:45.292+03
z9podalru9miulncrpa54oju0a72nipg	.eJxVjMEOwiAQRP-FsyGUpYX16L3fQJYFpGpoUtqT8d9tkx50jvPezFt42tbit5YWP0VxFUZcfrtA_Ez1APFB9T5Lnuu6TEEeijxpk-Mc0-t2un8HhVrZ1071mtnuQaQuZxyMDrED5KzAOAycAkSVBooIzpHNGKCHbAyxpmTF5wvdfDge:1qvvqu:AybvRzQZrkIlLY1XPtmIhPuoao3CG97H34E4Rrvna3A	2023-11-09 11:36:28.861+03
evklsdj13883z9t3fn9mri1arzjn6pfs	.eJxVjMsOwiAQRf-FtSEOb1y67zeQAQapGkhKuzL-uzbpQrf3nHNfLOC21rANWsKc2YUBO_1uEdOD2g7yHdut89TbusyR7wo_6OBTz_S8Hu7fQcVRv7VB5YVPSUgLMUdvBJG1kIuUVIwFlMpi0UUblZ13RWNyILSPEs4-AbH3B-GmN7c:1qwOn8:EbJQHHUXHzgNiG2NF_IVvFG5o2KC6WDkuSofyXfBkKw	2023-11-10 18:30:30.128039+03
\.


--
-- Data for Name: documents_document; Type: TABLE DATA; Schema: public; Owner: postgres
--

COPY public.documents_document (id, name, file, description, created, updated) FROM stdin;
1	Драфт	uploads/2023/10/24/Драфт_ТЗ.pdf		2023-10-24	2023-10-24
2	С чего всё пошло?	documents/document/file/2023/10/26/Entities.pdf		2023-10-26	2023-10-26
\.


--
-- Data for Name: marketplaces_marketplace; Type: TABLE DATA; Schema: public; Owner: postgres
--

COPY public.marketplaces_marketplace (id, name, comission) FROM stdin;
1	Kwork	25
\.


--
-- Data for Name: marketplaces_marketplaceaccount; Type: TABLE DATA; Schema: public; Owner: postgres
--

COPY public.marketplaces_marketplaceaccount (id, created, updated, username, note, marketplace_id) FROM stdin;
1	2023-10-24	2023-10-24	hoolimanager		1
\.


--
-- Data for Name: orders_order; Type: TABLE DATA; Schema: public; Owner: postgres
--

COPY public.orders_order (id, broker_comission, starting_from, deadline, production, note, broker_id, project_id, archived, title) FROM stdin;
1	20	2023-10-26	2023-10-26	\N		3	2	f	Браться не братсья? Вот чём вопрос!
2	20	2023-10-26	2023-11-15	\N		4	3	f	Разработка Core v1.0.0
3	20	2023-09-24	2023-10-25	\N		3	1	f	Разработка переводов
\.


--
-- Data for Name: orders_order_policies; Type: TABLE DATA; Schema: public; Owner: postgres
--

COPY public.orders_order_policies (id, order_id, policy_id) FROM stdin;
9	1	3
10	1	4
11	2	6
12	3	3
\.


--
-- Data for Name: orders_period; Type: TABLE DATA; Schema: public; Owner: postgres
--

COPY public.orders_period (id, hours, hour_rate, technical_task, executor_id, order_id, service_id) FROM stdin;
1	10	2	orders/period/technical_task/2023/10/26/research.pdf	4	1	5
2	10	0	orders/period/technical_task/2023/10/26/ORDER.pdf	4	2	3
3	5	0	orders/period/technical_task/2023/10/26/deploy-finale_W3WkWlL.pdf	4	3	3
4	15	2		3	3	3
\.


--
-- Data for Name: orders_policy; Type: TABLE DATA; Schema: public; Owner: postgres
--

COPY public.orders_policy (id, name, specification) FROM stdin;
1	Предоплата (50%)	
2	Предоплата (30%)	
3	Маркетплейс (Стандарт)	
4	Постоплата	
5	Простой ресёрчь (2-10 часов)	
6	Свой проект	
\.


--
-- Data for Name: orders_service; Type: TABLE DATA; Schema: public; Owner: postgres
--

COPY public.orders_service (id, name, specification) FROM stdin;
1	Дизайн	
2	Консультация	
3	Разработка	
4	Написание ТЗ	
5	Ресёрчь	
\.


--
-- Data for Name: payments_payment; Type: TABLE DATA; Schema: public; Owner: postgres
--

COPY public.payments_payment (id, amount, method_id, created, updated, order_id) FROM stdin;
1	40	1	2023-10-24 03:00:00+03	2023-10-24 03:00:00+03	\N
\.


--
-- Data for Name: payments_paymentcurrecy; Type: TABLE DATA; Schema: public; Owner: postgres
--

COPY public.payments_paymentcurrecy (id, name, code) FROM stdin;
1	Рубли	RUB
2	Доллары	USD
3	Tether USD	USDT
\.


--
-- Data for Name: payments_paymentmethod; Type: TABLE DATA; Schema: public; Owner: postgres
--

COPY public.payments_paymentmethod (id, name, requisites, currency_id) FROM stdin;
1	Binance BEP20	0xe60059f21c251efb64b95adeaa0977a3bfdf5c1f	3
\.


--
-- Data for Name: reports_worksessionreport; Type: TABLE DATA; Schema: public; Owner: postgres
--

COPY public.reports_worksessionreport (id, created, updated, minutes, executor_id, order_id) FROM stdin;
1	2023-10-26	2023-10-26	600	4	2
2	2023-10-26	2023-10-26	120	4	3
3	2023-10-26	2023-10-26	60	4	1
\.


--
-- Name: auth_group_id_seq; Type: SEQUENCE SET; Schema: public; Owner: postgres
--

SELECT pg_catalog.setval('public.auth_group_id_seq', 3, true);


--
-- Name: auth_group_permissions_id_seq; Type: SEQUENCE SET; Schema: public; Owner: postgres
--

SELECT pg_catalog.setval('public.auth_group_permissions_id_seq', 40, true);


--
-- Name: auth_permission_id_seq; Type: SEQUENCE SET; Schema: public; Owner: postgres
--

SELECT pg_catalog.setval('public.auth_permission_id_seq', 88, true);


--
-- Name: auth_user_groups_id_seq; Type: SEQUENCE SET; Schema: public; Owner: postgres
--

SELECT pg_catalog.setval('public.auth_user_groups_id_seq', 15, true);


--
-- Name: auth_user_id_seq; Type: SEQUENCE SET; Schema: public; Owner: postgres
--

SELECT pg_catalog.setval('public.auth_user_id_seq', 4, true);


--
-- Name: auth_user_user_permissions_id_seq; Type: SEQUENCE SET; Schema: public; Owner: postgres
--

SELECT pg_catalog.setval('public.auth_user_user_permissions_id_seq', 1, false);


--
-- Name: customers_customer_id_seq; Type: SEQUENCE SET; Schema: public; Owner: postgres
--

SELECT pg_catalog.setval('public.customers_customer_id_seq', 6, true);


--
-- Name: customers_project_id_seq; Type: SEQUENCE SET; Schema: public; Owner: postgres
--

SELECT pg_catalog.setval('public.customers_project_id_seq', 3, true);


--
-- Name: customers_repository_id_seq; Type: SEQUENCE SET; Schema: public; Owner: postgres
--

SELECT pg_catalog.setval('public.customers_repository_id_seq', 4, true);


--
-- Name: django_admin_log_id_seq; Type: SEQUENCE SET; Schema: public; Owner: postgres
--

SELECT pg_catalog.setval('public.django_admin_log_id_seq', 86, true);


--
-- Name: django_content_type_id_seq; Type: SEQUENCE SET; Schema: public; Owner: postgres
--

SELECT pg_catalog.setval('public.django_content_type_id_seq', 22, true);


--
-- Name: django_migrations_id_seq; Type: SEQUENCE SET; Schema: public; Owner: postgres
--

SELECT pg_catalog.setval('public.django_migrations_id_seq', 53, true);


--
-- Name: documents_document_id_seq; Type: SEQUENCE SET; Schema: public; Owner: postgres
--

SELECT pg_catalog.setval('public.documents_document_id_seq', 2, true);


--
-- Name: marketplaces_marketplace_id_seq; Type: SEQUENCE SET; Schema: public; Owner: postgres
--

SELECT pg_catalog.setval('public.marketplaces_marketplace_id_seq', 1, true);


--
-- Name: marketplaces_marketplaceaccount_id_seq; Type: SEQUENCE SET; Schema: public; Owner: postgres
--

SELECT pg_catalog.setval('public.marketplaces_marketplaceaccount_id_seq', 1, true);


--
-- Name: orders_order_id_seq; Type: SEQUENCE SET; Schema: public; Owner: postgres
--

SELECT pg_catalog.setval('public.orders_order_id_seq', 3, true);


--
-- Name: orders_order_policies_id_seq; Type: SEQUENCE SET; Schema: public; Owner: postgres
--

SELECT pg_catalog.setval('public.orders_order_policies_id_seq', 12, true);


--
-- Name: orders_period_id_seq; Type: SEQUENCE SET; Schema: public; Owner: postgres
--

SELECT pg_catalog.setval('public.orders_period_id_seq', 4, true);


--
-- Name: orders_policy_id_seq; Type: SEQUENCE SET; Schema: public; Owner: postgres
--

SELECT pg_catalog.setval('public.orders_policy_id_seq', 6, true);


--
-- Name: orders_service_id_seq; Type: SEQUENCE SET; Schema: public; Owner: postgres
--

SELECT pg_catalog.setval('public.orders_service_id_seq', 5, true);


--
-- Name: payments_payment_id_seq; Type: SEQUENCE SET; Schema: public; Owner: postgres
--

SELECT pg_catalog.setval('public.payments_payment_id_seq', 1, true);


--
-- Name: payments_paymentcurrecy_id_seq; Type: SEQUENCE SET; Schema: public; Owner: postgres
--

SELECT pg_catalog.setval('public.payments_paymentcurrecy_id_seq', 3, true);


--
-- Name: payments_paymentmethod_id_seq; Type: SEQUENCE SET; Schema: public; Owner: postgres
--

SELECT pg_catalog.setval('public.payments_paymentmethod_id_seq', 1, true);


--
-- Name: reports_worksessionreport_id_seq; Type: SEQUENCE SET; Schema: public; Owner: postgres
--

SELECT pg_catalog.setval('public.reports_worksessionreport_id_seq', 3, true);


--
-- Name: auth_group auth_group_name_key; Type: CONSTRAINT; Schema: public; Owner: postgres
--

ALTER TABLE ONLY public.auth_group
    ADD CONSTRAINT auth_group_name_key UNIQUE (name);


--
-- Name: auth_group_permissions auth_group_permissions_group_id_permission_id_0cd325b0_uniq; Type: CONSTRAINT; Schema: public; Owner: postgres
--

ALTER TABLE ONLY public.auth_group_permissions
    ADD CONSTRAINT auth_group_permissions_group_id_permission_id_0cd325b0_uniq UNIQUE (group_id, permission_id);


--
-- Name: auth_group_permissions auth_group_permissions_pkey; Type: CONSTRAINT; Schema: public; Owner: postgres
--

ALTER TABLE ONLY public.auth_group_permissions
    ADD CONSTRAINT auth_group_permissions_pkey PRIMARY KEY (id);


--
-- Name: auth_group auth_group_pkey; Type: CONSTRAINT; Schema: public; Owner: postgres
--

ALTER TABLE ONLY public.auth_group
    ADD CONSTRAINT auth_group_pkey PRIMARY KEY (id);


--
-- Name: auth_permission auth_permission_content_type_id_codename_01ab375a_uniq; Type: CONSTRAINT; Schema: public; Owner: postgres
--

ALTER TABLE ONLY public.auth_permission
    ADD CONSTRAINT auth_permission_content_type_id_codename_01ab375a_uniq UNIQUE (content_type_id, codename);


--
-- Name: auth_permission auth_permission_pkey; Type: CONSTRAINT; Schema: public; Owner: postgres
--

ALTER TABLE ONLY public.auth_permission
    ADD CONSTRAINT auth_permission_pkey PRIMARY KEY (id);


--
-- Name: auth_user_groups auth_user_groups_pkey; Type: CONSTRAINT; Schema: public; Owner: postgres
--

ALTER TABLE ONLY public.auth_user_groups
    ADD CONSTRAINT auth_user_groups_pkey PRIMARY KEY (id);


--
-- Name: auth_user_groups auth_user_groups_user_id_group_id_94350c0c_uniq; Type: CONSTRAINT; Schema: public; Owner: postgres
--

ALTER TABLE ONLY public.auth_user_groups
    ADD CONSTRAINT auth_user_groups_user_id_group_id_94350c0c_uniq UNIQUE (user_id, group_id);


--
-- Name: auth_user auth_user_pkey; Type: CONSTRAINT; Schema: public; Owner: postgres
--

ALTER TABLE ONLY public.auth_user
    ADD CONSTRAINT auth_user_pkey PRIMARY KEY (id);


--
-- Name: auth_user_user_permissions auth_user_user_permissions_pkey; Type: CONSTRAINT; Schema: public; Owner: postgres
--

ALTER TABLE ONLY public.auth_user_user_permissions
    ADD CONSTRAINT auth_user_user_permissions_pkey PRIMARY KEY (id);


--
-- Name: auth_user_user_permissions auth_user_user_permissions_user_id_permission_id_14a6b632_uniq; Type: CONSTRAINT; Schema: public; Owner: postgres
--

ALTER TABLE ONLY public.auth_user_user_permissions
    ADD CONSTRAINT auth_user_user_permissions_user_id_permission_id_14a6b632_uniq UNIQUE (user_id, permission_id);


--
-- Name: auth_user auth_user_username_key; Type: CONSTRAINT; Schema: public; Owner: postgres
--

ALTER TABLE ONLY public.auth_user
    ADD CONSTRAINT auth_user_username_key UNIQUE (username);


--
-- Name: customers_customer customers_customer_pkey; Type: CONSTRAINT; Schema: public; Owner: postgres
--

ALTER TABLE ONLY public.customers_customer
    ADD CONSTRAINT customers_customer_pkey PRIMARY KEY (id);


--
-- Name: customers_customer customers_customer_username_182d434b_uniq; Type: CONSTRAINT; Schema: public; Owner: postgres
--

ALTER TABLE ONLY public.customers_customer
    ADD CONSTRAINT customers_customer_username_182d434b_uniq UNIQUE (username);


--
-- Name: customers_project customers_project_pkey; Type: CONSTRAINT; Schema: public; Owner: postgres
--

ALTER TABLE ONLY public.customers_project
    ADD CONSTRAINT customers_project_pkey PRIMARY KEY (id);


--
-- Name: customers_projectdocument customers_projectdocument_pkey; Type: CONSTRAINT; Schema: public; Owner: postgres
--

ALTER TABLE ONLY public.customers_projectdocument
    ADD CONSTRAINT customers_projectdocument_pkey PRIMARY KEY (document_ptr_id);


--
-- Name: customers_repository customers_repository_pkey; Type: CONSTRAINT; Schema: public; Owner: postgres
--

ALTER TABLE ONLY public.customers_repository
    ADD CONSTRAINT customers_repository_pkey PRIMARY KEY (id);


--
-- Name: django_admin_log django_admin_log_pkey; Type: CONSTRAINT; Schema: public; Owner: postgres
--

ALTER TABLE ONLY public.django_admin_log
    ADD CONSTRAINT django_admin_log_pkey PRIMARY KEY (id);


--
-- Name: django_content_type django_content_type_app_label_model_76bd3d3b_uniq; Type: CONSTRAINT; Schema: public; Owner: postgres
--

ALTER TABLE ONLY public.django_content_type
    ADD CONSTRAINT django_content_type_app_label_model_76bd3d3b_uniq UNIQUE (app_label, model);


--
-- Name: django_content_type django_content_type_pkey; Type: CONSTRAINT; Schema: public; Owner: postgres
--

ALTER TABLE ONLY public.django_content_type
    ADD CONSTRAINT django_content_type_pkey PRIMARY KEY (id);


--
-- Name: django_migrations django_migrations_pkey; Type: CONSTRAINT; Schema: public; Owner: postgres
--

ALTER TABLE ONLY public.django_migrations
    ADD CONSTRAINT django_migrations_pkey PRIMARY KEY (id);


--
-- Name: django_session django_session_pkey; Type: CONSTRAINT; Schema: public; Owner: postgres
--

ALTER TABLE ONLY public.django_session
    ADD CONSTRAINT django_session_pkey PRIMARY KEY (session_key);


--
-- Name: documents_document documents_document_pkey; Type: CONSTRAINT; Schema: public; Owner: postgres
--

ALTER TABLE ONLY public.documents_document
    ADD CONSTRAINT documents_document_pkey PRIMARY KEY (id);


--
-- Name: marketplaces_marketplace marketplaces_marketplace_pkey; Type: CONSTRAINT; Schema: public; Owner: postgres
--

ALTER TABLE ONLY public.marketplaces_marketplace
    ADD CONSTRAINT marketplaces_marketplace_pkey PRIMARY KEY (id);


--
-- Name: marketplaces_marketplaceaccount marketplaces_marketplaceaccount_pkey; Type: CONSTRAINT; Schema: public; Owner: postgres
--

ALTER TABLE ONLY public.marketplaces_marketplaceaccount
    ADD CONSTRAINT marketplaces_marketplaceaccount_pkey PRIMARY KEY (id);


--
-- Name: orders_order orders_order_pkey; Type: CONSTRAINT; Schema: public; Owner: postgres
--

ALTER TABLE ONLY public.orders_order
    ADD CONSTRAINT orders_order_pkey PRIMARY KEY (id);


--
-- Name: orders_order_policies orders_order_policies_order_id_policy_id_4b0d46ee_uniq; Type: CONSTRAINT; Schema: public; Owner: postgres
--

ALTER TABLE ONLY public.orders_order_policies
    ADD CONSTRAINT orders_order_policies_order_id_policy_id_4b0d46ee_uniq UNIQUE (order_id, policy_id);


--
-- Name: orders_order_policies orders_order_policies_pkey; Type: CONSTRAINT; Schema: public; Owner: postgres
--

ALTER TABLE ONLY public.orders_order_policies
    ADD CONSTRAINT orders_order_policies_pkey PRIMARY KEY (id);


--
-- Name: orders_period orders_period_pkey; Type: CONSTRAINT; Schema: public; Owner: postgres
--

ALTER TABLE ONLY public.orders_period
    ADD CONSTRAINT orders_period_pkey PRIMARY KEY (id);


--
-- Name: orders_policy orders_policy_pkey; Type: CONSTRAINT; Schema: public; Owner: postgres
--

ALTER TABLE ONLY public.orders_policy
    ADD CONSTRAINT orders_policy_pkey PRIMARY KEY (id);


--
-- Name: orders_service orders_service_pkey; Type: CONSTRAINT; Schema: public; Owner: postgres
--

ALTER TABLE ONLY public.orders_service
    ADD CONSTRAINT orders_service_pkey PRIMARY KEY (id);


--
-- Name: payments_payment payments_payment_pkey; Type: CONSTRAINT; Schema: public; Owner: postgres
--

ALTER TABLE ONLY public.payments_payment
    ADD CONSTRAINT payments_payment_pkey PRIMARY KEY (id);


--
-- Name: payments_paymentcurrecy payments_paymentcurrecy_pkey; Type: CONSTRAINT; Schema: public; Owner: postgres
--

ALTER TABLE ONLY public.payments_paymentcurrecy
    ADD CONSTRAINT payments_paymentcurrecy_pkey PRIMARY KEY (id);


--
-- Name: payments_paymentmethod payments_paymentmethod_pkey; Type: CONSTRAINT; Schema: public; Owner: postgres
--

ALTER TABLE ONLY public.payments_paymentmethod
    ADD CONSTRAINT payments_paymentmethod_pkey PRIMARY KEY (id);


--
-- Name: reports_worksessionreport reports_worksessionreport_pkey; Type: CONSTRAINT; Schema: public; Owner: postgres
--

ALTER TABLE ONLY public.reports_worksessionreport
    ADD CONSTRAINT reports_worksessionreport_pkey PRIMARY KEY (id);


--
-- Name: auth_group_name_a6ea08ec_like; Type: INDEX; Schema: public; Owner: postgres
--

CREATE INDEX auth_group_name_a6ea08ec_like ON public.auth_group USING btree (name varchar_pattern_ops);


--
-- Name: auth_group_permissions_group_id_b120cbf9; Type: INDEX; Schema: public; Owner: postgres
--

CREATE INDEX auth_group_permissions_group_id_b120cbf9 ON public.auth_group_permissions USING btree (group_id);


--
-- Name: auth_group_permissions_permission_id_84c5c92e; Type: INDEX; Schema: public; Owner: postgres
--

CREATE INDEX auth_group_permissions_permission_id_84c5c92e ON public.auth_group_permissions USING btree (permission_id);


--
-- Name: auth_permission_content_type_id_2f476e4b; Type: INDEX; Schema: public; Owner: postgres
--

CREATE INDEX auth_permission_content_type_id_2f476e4b ON public.auth_permission USING btree (content_type_id);


--
-- Name: auth_user_groups_group_id_97559544; Type: INDEX; Schema: public; Owner: postgres
--

CREATE INDEX auth_user_groups_group_id_97559544 ON public.auth_user_groups USING btree (group_id);


--
-- Name: auth_user_groups_user_id_6a12ed8b; Type: INDEX; Schema: public; Owner: postgres
--

CREATE INDEX auth_user_groups_user_id_6a12ed8b ON public.auth_user_groups USING btree (user_id);


--
-- Name: auth_user_user_permissions_permission_id_1fbb5f2c; Type: INDEX; Schema: public; Owner: postgres
--

CREATE INDEX auth_user_user_permissions_permission_id_1fbb5f2c ON public.auth_user_user_permissions USING btree (permission_id);


--
-- Name: auth_user_user_permissions_user_id_a95ead1b; Type: INDEX; Schema: public; Owner: postgres
--

CREATE INDEX auth_user_user_permissions_user_id_a95ead1b ON public.auth_user_user_permissions USING btree (user_id);


--
-- Name: auth_user_username_6821ab7c_like; Type: INDEX; Schema: public; Owner: postgres
--

CREATE INDEX auth_user_username_6821ab7c_like ON public.auth_user USING btree (username varchar_pattern_ops);


--
-- Name: customers_customer_channel_id_adad8e65; Type: INDEX; Schema: public; Owner: postgres
--

CREATE INDEX customers_customer_channel_id_adad8e65 ON public.customers_customer USING btree (channel_id);


--
-- Name: customers_customer_username_182d434b_like; Type: INDEX; Schema: public; Owner: postgres
--

CREATE INDEX customers_customer_username_182d434b_like ON public.customers_customer USING btree (username varchar_pattern_ops);


--
-- Name: customers_project_customer_id_49dd40d6; Type: INDEX; Schema: public; Owner: postgres
--

CREATE INDEX customers_project_customer_id_49dd40d6 ON public.customers_project USING btree (customer_id);


--
-- Name: customers_projectdocument_project_id_32dbca22; Type: INDEX; Schema: public; Owner: postgres
--

CREATE INDEX customers_projectdocument_project_id_32dbca22 ON public.customers_projectdocument USING btree (project_id);


--
-- Name: customers_repository_project_id_714b7f71; Type: INDEX; Schema: public; Owner: postgres
--

CREATE INDEX customers_repository_project_id_714b7f71 ON public.customers_repository USING btree (project_id);


--
-- Name: django_admin_log_content_type_id_c4bce8eb; Type: INDEX; Schema: public; Owner: postgres
--

CREATE INDEX django_admin_log_content_type_id_c4bce8eb ON public.django_admin_log USING btree (content_type_id);


--
-- Name: django_admin_log_user_id_c564eba6; Type: INDEX; Schema: public; Owner: postgres
--

CREATE INDEX django_admin_log_user_id_c564eba6 ON public.django_admin_log USING btree (user_id);


--
-- Name: django_session_expire_date_a5c62663; Type: INDEX; Schema: public; Owner: postgres
--

CREATE INDEX django_session_expire_date_a5c62663 ON public.django_session USING btree (expire_date);


--
-- Name: django_session_session_key_c0390e0f_like; Type: INDEX; Schema: public; Owner: postgres
--

CREATE INDEX django_session_session_key_c0390e0f_like ON public.django_session USING btree (session_key varchar_pattern_ops);


--
-- Name: marketplaces_marketplaceaccount_marketplace_id_7e49eac1; Type: INDEX; Schema: public; Owner: postgres
--

CREATE INDEX marketplaces_marketplaceaccount_marketplace_id_7e49eac1 ON public.marketplaces_marketplaceaccount USING btree (marketplace_id);


--
-- Name: orders_order_broker_id_0153558e; Type: INDEX; Schema: public; Owner: postgres
--

CREATE INDEX orders_order_broker_id_0153558e ON public.orders_order USING btree (broker_id);


--
-- Name: orders_order_policies_order_id_d272ef50; Type: INDEX; Schema: public; Owner: postgres
--

CREATE INDEX orders_order_policies_order_id_d272ef50 ON public.orders_order_policies USING btree (order_id);


--
-- Name: orders_order_policies_policy_id_cb87150f; Type: INDEX; Schema: public; Owner: postgres
--

CREATE INDEX orders_order_policies_policy_id_cb87150f ON public.orders_order_policies USING btree (policy_id);


--
-- Name: orders_order_project_id_a2139bb2; Type: INDEX; Schema: public; Owner: postgres
--

CREATE INDEX orders_order_project_id_a2139bb2 ON public.orders_order USING btree (project_id);


--
-- Name: orders_period_executor_id_afafcb5d; Type: INDEX; Schema: public; Owner: postgres
--

CREATE INDEX orders_period_executor_id_afafcb5d ON public.orders_period USING btree (executor_id);


--
-- Name: orders_period_order_id_800f0cc7; Type: INDEX; Schema: public; Owner: postgres
--

CREATE INDEX orders_period_order_id_800f0cc7 ON public.orders_period USING btree (order_id);


--
-- Name: orders_period_service_id_cd9a7594; Type: INDEX; Schema: public; Owner: postgres
--

CREATE INDEX orders_period_service_id_cd9a7594 ON public.orders_period USING btree (service_id);


--
-- Name: payments_payment_method_id_77087a63; Type: INDEX; Schema: public; Owner: postgres
--

CREATE INDEX payments_payment_method_id_77087a63 ON public.payments_payment USING btree (method_id);


--
-- Name: payments_payment_order_id_22c479b7; Type: INDEX; Schema: public; Owner: postgres
--

CREATE INDEX payments_payment_order_id_22c479b7 ON public.payments_payment USING btree (order_id);


--
-- Name: payments_paymentmethod_currency_id_d7c76ba2; Type: INDEX; Schema: public; Owner: postgres
--

CREATE INDEX payments_paymentmethod_currency_id_d7c76ba2 ON public.payments_paymentmethod USING btree (currency_id);


--
-- Name: reports_worksessionreport_executor_id_5bf84198; Type: INDEX; Schema: public; Owner: postgres
--

CREATE INDEX reports_worksessionreport_executor_id_5bf84198 ON public.reports_worksessionreport USING btree (executor_id);


--
-- Name: reports_worksessionreport_order_id_aaeae3ee; Type: INDEX; Schema: public; Owner: postgres
--

CREATE INDEX reports_worksessionreport_order_id_aaeae3ee ON public.reports_worksessionreport USING btree (order_id);


--
-- Name: auth_group_permissions auth_group_permissio_permission_id_84c5c92e_fk_auth_perm; Type: FK CONSTRAINT; Schema: public; Owner: postgres
--

ALTER TABLE ONLY public.auth_group_permissions
    ADD CONSTRAINT auth_group_permissio_permission_id_84c5c92e_fk_auth_perm FOREIGN KEY (permission_id) REFERENCES public.auth_permission(id) DEFERRABLE INITIALLY DEFERRED;


--
-- Name: auth_group_permissions auth_group_permissions_group_id_b120cbf9_fk_auth_group_id; Type: FK CONSTRAINT; Schema: public; Owner: postgres
--

ALTER TABLE ONLY public.auth_group_permissions
    ADD CONSTRAINT auth_group_permissions_group_id_b120cbf9_fk_auth_group_id FOREIGN KEY (group_id) REFERENCES public.auth_group(id) DEFERRABLE INITIALLY DEFERRED;


--
-- Name: auth_permission auth_permission_content_type_id_2f476e4b_fk_django_co; Type: FK CONSTRAINT; Schema: public; Owner: postgres
--

ALTER TABLE ONLY public.auth_permission
    ADD CONSTRAINT auth_permission_content_type_id_2f476e4b_fk_django_co FOREIGN KEY (content_type_id) REFERENCES public.django_content_type(id) DEFERRABLE INITIALLY DEFERRED;


--
-- Name: auth_user_groups auth_user_groups_group_id_97559544_fk_auth_group_id; Type: FK CONSTRAINT; Schema: public; Owner: postgres
--

ALTER TABLE ONLY public.auth_user_groups
    ADD CONSTRAINT auth_user_groups_group_id_97559544_fk_auth_group_id FOREIGN KEY (group_id) REFERENCES public.auth_group(id) DEFERRABLE INITIALLY DEFERRED;


--
-- Name: auth_user_groups auth_user_groups_user_id_6a12ed8b_fk_auth_user_id; Type: FK CONSTRAINT; Schema: public; Owner: postgres
--

ALTER TABLE ONLY public.auth_user_groups
    ADD CONSTRAINT auth_user_groups_user_id_6a12ed8b_fk_auth_user_id FOREIGN KEY (user_id) REFERENCES public.auth_user(id) DEFERRABLE INITIALLY DEFERRED;


--
-- Name: auth_user_user_permissions auth_user_user_permi_permission_id_1fbb5f2c_fk_auth_perm; Type: FK CONSTRAINT; Schema: public; Owner: postgres
--

ALTER TABLE ONLY public.auth_user_user_permissions
    ADD CONSTRAINT auth_user_user_permi_permission_id_1fbb5f2c_fk_auth_perm FOREIGN KEY (permission_id) REFERENCES public.auth_permission(id) DEFERRABLE INITIALLY DEFERRED;


--
-- Name: auth_user_user_permissions auth_user_user_permissions_user_id_a95ead1b_fk_auth_user_id; Type: FK CONSTRAINT; Schema: public; Owner: postgres
--

ALTER TABLE ONLY public.auth_user_user_permissions
    ADD CONSTRAINT auth_user_user_permissions_user_id_a95ead1b_fk_auth_user_id FOREIGN KEY (user_id) REFERENCES public.auth_user(id) DEFERRABLE INITIALLY DEFERRED;


--
-- Name: customers_customer customers_customer_channel_id_adad8e65_fk_marketpla; Type: FK CONSTRAINT; Schema: public; Owner: postgres
--

ALTER TABLE ONLY public.customers_customer
    ADD CONSTRAINT customers_customer_channel_id_adad8e65_fk_marketpla FOREIGN KEY (channel_id) REFERENCES public.marketplaces_marketplace(id) DEFERRABLE INITIALLY DEFERRED;


--
-- Name: customers_project customers_project_customer_id_49dd40d6_fk_customers_customer_id; Type: FK CONSTRAINT; Schema: public; Owner: postgres
--

ALTER TABLE ONLY public.customers_project
    ADD CONSTRAINT customers_project_customer_id_49dd40d6_fk_customers_customer_id FOREIGN KEY (customer_id) REFERENCES public.customers_customer(id) DEFERRABLE INITIALLY DEFERRED;


--
-- Name: customers_projectdocument customers_projectdoc_document_ptr_id_56715b19_fk_documents; Type: FK CONSTRAINT; Schema: public; Owner: postgres
--

ALTER TABLE ONLY public.customers_projectdocument
    ADD CONSTRAINT customers_projectdoc_document_ptr_id_56715b19_fk_documents FOREIGN KEY (document_ptr_id) REFERENCES public.documents_document(id) DEFERRABLE INITIALLY DEFERRED;


--
-- Name: customers_projectdocument customers_projectdoc_project_id_32dbca22_fk_customers; Type: FK CONSTRAINT; Schema: public; Owner: postgres
--

ALTER TABLE ONLY public.customers_projectdocument
    ADD CONSTRAINT customers_projectdoc_project_id_32dbca22_fk_customers FOREIGN KEY (project_id) REFERENCES public.customers_project(id) DEFERRABLE INITIALLY DEFERRED;


--
-- Name: customers_repository customers_repository_project_id_714b7f71_fk_customers; Type: FK CONSTRAINT; Schema: public; Owner: postgres
--

ALTER TABLE ONLY public.customers_repository
    ADD CONSTRAINT customers_repository_project_id_714b7f71_fk_customers FOREIGN KEY (project_id) REFERENCES public.customers_project(id) DEFERRABLE INITIALLY DEFERRED;


--
-- Name: django_admin_log django_admin_log_content_type_id_c4bce8eb_fk_django_co; Type: FK CONSTRAINT; Schema: public; Owner: postgres
--

ALTER TABLE ONLY public.django_admin_log
    ADD CONSTRAINT django_admin_log_content_type_id_c4bce8eb_fk_django_co FOREIGN KEY (content_type_id) REFERENCES public.django_content_type(id) DEFERRABLE INITIALLY DEFERRED;


--
-- Name: django_admin_log django_admin_log_user_id_c564eba6_fk_auth_user_id; Type: FK CONSTRAINT; Schema: public; Owner: postgres
--

ALTER TABLE ONLY public.django_admin_log
    ADD CONSTRAINT django_admin_log_user_id_c564eba6_fk_auth_user_id FOREIGN KEY (user_id) REFERENCES public.auth_user(id) DEFERRABLE INITIALLY DEFERRED;


--
-- Name: marketplaces_marketplaceaccount marketplaces_marketp_marketplace_id_7e49eac1_fk_marketpla; Type: FK CONSTRAINT; Schema: public; Owner: postgres
--

ALTER TABLE ONLY public.marketplaces_marketplaceaccount
    ADD CONSTRAINT marketplaces_marketp_marketplace_id_7e49eac1_fk_marketpla FOREIGN KEY (marketplace_id) REFERENCES public.marketplaces_marketplace(id) DEFERRABLE INITIALLY DEFERRED;


--
-- Name: orders_order orders_order_broker_id_0153558e_fk_auth_user_id; Type: FK CONSTRAINT; Schema: public; Owner: postgres
--

ALTER TABLE ONLY public.orders_order
    ADD CONSTRAINT orders_order_broker_id_0153558e_fk_auth_user_id FOREIGN KEY (broker_id) REFERENCES public.auth_user(id) DEFERRABLE INITIALLY DEFERRED;


--
-- Name: orders_order_policies orders_order_policies_order_id_d272ef50_fk_orders_order_id; Type: FK CONSTRAINT; Schema: public; Owner: postgres
--

ALTER TABLE ONLY public.orders_order_policies
    ADD CONSTRAINT orders_order_policies_order_id_d272ef50_fk_orders_order_id FOREIGN KEY (order_id) REFERENCES public.orders_order(id) DEFERRABLE INITIALLY DEFERRED;


--
-- Name: orders_order_policies orders_order_policies_policy_id_cb87150f_fk_orders_policy_id; Type: FK CONSTRAINT; Schema: public; Owner: postgres
--

ALTER TABLE ONLY public.orders_order_policies
    ADD CONSTRAINT orders_order_policies_policy_id_cb87150f_fk_orders_policy_id FOREIGN KEY (policy_id) REFERENCES public.orders_policy(id) DEFERRABLE INITIALLY DEFERRED;


--
-- Name: orders_order orders_order_project_id_a2139bb2_fk_customers_project_id; Type: FK CONSTRAINT; Schema: public; Owner: postgres
--

ALTER TABLE ONLY public.orders_order
    ADD CONSTRAINT orders_order_project_id_a2139bb2_fk_customers_project_id FOREIGN KEY (project_id) REFERENCES public.customers_project(id) DEFERRABLE INITIALLY DEFERRED;


--
-- Name: orders_period orders_period_executor_id_afafcb5d_fk_auth_user_id; Type: FK CONSTRAINT; Schema: public; Owner: postgres
--

ALTER TABLE ONLY public.orders_period
    ADD CONSTRAINT orders_period_executor_id_afafcb5d_fk_auth_user_id FOREIGN KEY (executor_id) REFERENCES public.auth_user(id) DEFERRABLE INITIALLY DEFERRED;


--
-- Name: orders_period orders_period_order_id_800f0cc7_fk_orders_order_id; Type: FK CONSTRAINT; Schema: public; Owner: postgres
--

ALTER TABLE ONLY public.orders_period
    ADD CONSTRAINT orders_period_order_id_800f0cc7_fk_orders_order_id FOREIGN KEY (order_id) REFERENCES public.orders_order(id) DEFERRABLE INITIALLY DEFERRED;


--
-- Name: orders_period orders_period_service_id_cd9a7594_fk_orders_service_id; Type: FK CONSTRAINT; Schema: public; Owner: postgres
--

ALTER TABLE ONLY public.orders_period
    ADD CONSTRAINT orders_period_service_id_cd9a7594_fk_orders_service_id FOREIGN KEY (service_id) REFERENCES public.orders_service(id) DEFERRABLE INITIALLY DEFERRED;


--
-- Name: payments_payment payments_payment_method_id_77087a63_fk_payments_; Type: FK CONSTRAINT; Schema: public; Owner: postgres
--

ALTER TABLE ONLY public.payments_payment
    ADD CONSTRAINT payments_payment_method_id_77087a63_fk_payments_ FOREIGN KEY (method_id) REFERENCES public.payments_paymentmethod(id) DEFERRABLE INITIALLY DEFERRED;


--
-- Name: payments_payment payments_payment_order_id_22c479b7_fk_orders_order_id; Type: FK CONSTRAINT; Schema: public; Owner: postgres
--

ALTER TABLE ONLY public.payments_payment
    ADD CONSTRAINT payments_payment_order_id_22c479b7_fk_orders_order_id FOREIGN KEY (order_id) REFERENCES public.orders_order(id) DEFERRABLE INITIALLY DEFERRED;


--
-- Name: payments_paymentmethod payments_paymentmeth_currency_id_d7c76ba2_fk_payments_; Type: FK CONSTRAINT; Schema: public; Owner: postgres
--

ALTER TABLE ONLY public.payments_paymentmethod
    ADD CONSTRAINT payments_paymentmeth_currency_id_d7c76ba2_fk_payments_ FOREIGN KEY (currency_id) REFERENCES public.payments_paymentcurrecy(id) DEFERRABLE INITIALLY DEFERRED;


--
-- Name: reports_worksessionreport reports_worksessionreport_executor_id_5bf84198_fk_auth_user_id; Type: FK CONSTRAINT; Schema: public; Owner: postgres
--

ALTER TABLE ONLY public.reports_worksessionreport
    ADD CONSTRAINT reports_worksessionreport_executor_id_5bf84198_fk_auth_user_id FOREIGN KEY (executor_id) REFERENCES public.auth_user(id) DEFERRABLE INITIALLY DEFERRED;


--
-- Name: reports_worksessionreport reports_worksessionreport_order_id_aaeae3ee_fk_orders_order_id; Type: FK CONSTRAINT; Schema: public; Owner: postgres
--

ALTER TABLE ONLY public.reports_worksessionreport
    ADD CONSTRAINT reports_worksessionreport_order_id_aaeae3ee_fk_orders_order_id FOREIGN KEY (order_id) REFERENCES public.orders_order(id) DEFERRABLE INITIALLY DEFERRED;


--
-- PostgreSQL database dump complete
--

